Date,Open,High,Low,Close,Volume,Dividends,Stock Splits,RSI,K,D,Daily_Return,Moving_Avg_20,Moving_Avg_50
2023-02-20 00:00:00+05:30,222.49,224.37,219.28,219.72,519662,0.0,0.0,,,,,,
2023-02-21 00:00:00+05:30,220.02,228.42,217.55,221.06,1058169,0.0,0.0,,,,0.61,,
2023-02-22 00:00:00+05:30,219.28,223.48,216.56,217.3,470435,0.0,0.0,,,,-1.7,,
2023-02-23 00:00:00+05:30,217.55,219.03,210.13,211.96,865514,0.0,0.0,,,,-2.46,,
2023-02-24 00:00:00+05:30,212.01,216.16,207.76,209.39,586453,0.0,0.0,,,,-1.21,,
2023-02-27 00:00:00+05:30,209.29,209.29,202.37,205.93,600032,0.0,0.0,,,,-1.65,,
2023-02-28 00:00:00+05:30,207.46,234.16,205.83,232.03,7270738,0.0,0.0,,,,12.68,,
2023-03-01 00:00:00+05:30,227.93,239.35,225.66,231.09,3902719,0.0,0.0,,,,-0.4,,
2023-03-02 00:00:00+05:30,227.44,230.25,224.27,226.3,1152491,0.0,0.0,,,,-2.08,,
2023-03-03 00:00:00+05:30,227.44,246.87,226.55,239.94,5060986,0.0,0.0,,,,6.03,,
2023-03-06 00:00:00+05:30,241.08,270.95,239.99,266.45,9063044,0.0,0.0,,,,11.04,,
2023-03-08 00:00:00+05:30,262.05,278.86,258.34,275.0,5458331,0.0,0.0,,,,3.21,,
2023-03-09 00:00:00+05:30,273.91,273.91,264.52,266.74,2088735,0.0,0.0,,,,-3.0,,
2023-03-10 00:00:00+05:30,262.05,269.96,259.62,265.36,1994714,0.0,0.0,71.4,82.35,,-0.52,,
2023-03-13 00:00:00+05:30,265.36,270.6,252.31,255.96,1268834,0.0,0.0,65.62,70.07,,-3.54,,
2023-03-14 00:00:00+05:30,257.25,262.54,245.04,247.76,1794884,0.0,0.0,60.86,59.34,70.59,-3.21,,
2023-03-15 00:00:00+05:30,249.98,258.44,248.2,253.34,1748338,0.0,0.0,64.45,66.65,65.35,2.26,,
2023-03-16 00:00:00+05:30,253.15,254.58,244.44,251.81,1438489,0.0,0.0,66.48,64.64,63.54,-0.61,,
2023-03-17 00:00:00+05:30,254.13,261.7,245.48,249.09,1426124,0.0,0.0,66.39,61.09,64.12,-1.08,,
2023-03-20 00:00:00+05:30,249.09,252.9,241.28,243.26,1144417,0.0,0.0,65.12,51.25,58.99,-2.34,239.47,
2023-03-21 00:00:00+05:30,245.73,252.7,244.54,249.24,1456100,0.0,0.0,58.33,45.74,52.69,2.46,240.95,
2023-03-22 00:00:00+05:30,249.24,253.39,246.03,248.3,1821148,0.0,0.0,58.33,44.02,47.01,-0.38,242.31,
2023-03-23 00:00:00+05:30,246.72,249.54,243.75,245.19,670337,0.0,0.0,59.29,35.63,41.8,-1.25,243.71,
2023-03-24 00:00:00+05:30,245.19,246.67,231.93,234.06,938094,0.0,0.0,47.03,4.53,28.06,-4.54,244.81,
2023-03-27 00:00:00+05:30,235.2,236.09,222.54,224.57,1022382,0.0,0.0,24.5,3.6,14.59,-4.06,245.57,
2023-03-28 00:00:00+05:30,224.57,227.93,218.54,219.82,1641542,0.0,0.0,14.77,2.32,3.48,-2.11,246.27,
2023-03-29 00:00:00+05:30,220.51,237.32,220.51,234.01,2732107,0.0,0.0,30.58,29.72,11.88,6.46,246.36,
2023-03-31 00:00:00+05:30,241.28,247.61,235.45,238.16,2474772,0.0,0.0,34.38,37.7,23.25,1.77,246.72,
2023-04-03 00:00:00+05:30,240.04,251.02,237.87,247.51,1417582,0.0,0.0,45.14,65.84,44.42,3.92,247.78,
2023-04-05 00:00:00+05:30,249.73,253.89,246.22,250.18,2125823,0.0,0.0,51.49,73.31,58.95,1.08,248.29,
2023-04-06 00:00:00+05:30,249.19,252.65,247.71,249.19,701373,0.0,0.0,47.3,71.02,70.06,-0.4,247.43,
2023-04-10 00:00:00+05:30,250.18,252.75,244.44,245.88,593191,0.0,0.0,46.23,63.34,69.22,-1.33,245.97,
2023-04-11 00:00:00+05:30,246.03,247.56,238.56,239.3,878776,0.0,0.0,44.06,58.74,64.37,-2.67,244.6,
2023-04-12 00:00:00+05:30,240.59,245.04,238.31,241.63,946572,0.0,0.0,48.97,65.31,62.47,0.97,243.41,
2023-04-13 00:00:00+05:30,241.72,244.64,240.29,242.71,495055,0.0,0.0,45.59,68.39,64.15,0.45,242.75,
2023-04-17 00:00:00+05:30,241.77,248.2,240.54,245.58,811878,0.0,0.0,48.21,76.5,70.07,1.18,242.64,
2023-04-18 00:00:00+05:30,246.67,248.89,243.46,244.94,497794,0.0,0.0,49.83,74.69,73.19,-0.26,242.22,
2023-04-19 00:00:00+05:30,244.99,249.54,243.26,245.28,765711,0.0,0.0,58.94,75.66,75.62,0.14,241.9,
2023-04-20 00:00:00+05:30,246.27,258.98,244.94,256.56,3103454,0.0,0.0,74.79,94.01,81.45,4.6,242.27,
2023-04-21 00:00:00+05:30,257.1,257.1,247.76,250.82,1115255,0.0,0.0,73.66,78.79,82.82,-2.24,242.65,
2023-04-24 00:00:00+05:30,251.17,258.29,247.41,256.31,1193931,0.0,0.0,69.63,88.66,87.15,2.19,243.0,
2023-04-25 00:00:00+05:30,257.0,263.08,253.79,257.0,1795555,0.0,0.0,67.66,75.88,81.11,0.27,243.44,
2023-04-26 00:00:00+05:30,257.84,259.82,254.13,255.42,489752,0.0,0.0,58.68,69.06,77.87,-0.62,243.95,
2023-04-27 00:00:00+05:30,255.91,258.39,251.71,253.69,1004465,0.0,0.0,53.93,62.08,69.01,-0.68,244.93,
2023-04-28 00:00:00+05:30,255.57,259.33,254.23,257.79,779466,0.0,0.0,59.01,78.64,69.93,1.62,246.59,
2023-05-02 00:00:00+05:30,258.09,260.91,253.64,254.83,584951,0.0,0.0,59.44,66.67,69.13,-1.15,248.34,
2023-05-03 00:00:00+05:30,254.83,261.35,253.29,258.68,958138,0.0,0.0,71.68,82.24,75.85,1.51,249.57,
2023-05-04 00:00:00+05:30,257.65,262.05,253.79,255.96,871466,0.0,0.0,65.9,68.76,72.56,-1.05,250.46,
2023-05-05 00:00:00+05:30,256.11,260.36,254.13,257.55,668019,0.0,0.0,66.27,75.44,75.48,0.62,250.97,
2023-05-08 00:00:00+05:30,258.09,269.96,256.71,260.17,2756977,0.0,0.0,66.09,63.33,69.18,1.02,251.46,244.2
2023-05-09 00:00:00+05:30,261.3,263.23,255.32,257.6,704715,0.0,0.0,63.39,53.7,64.16,-0.99,251.88,244.95
2023-05-10 00:00:00+05:30,257.6,265.61,257.6,261.9,894094,0.0,0.0,66.22,67.79,61.61,1.67,252.69,245.77
2023-05-11 00:00:00+05:30,265.01,267.98,258.19,259.87,1063925,0.0,0.0,53.95,55.26,58.92,-0.77,253.71,246.62
2023-05-12 00:00:00+05:30,259.87,263.83,256.11,257.05,938972,0.0,0.0,57.97,42.76,55.27,-1.08,254.49,247.52
2023-05-15 00:00:00+05:30,256.11,257.79,252.75,253.2,526815,0.0,0.0,45.84,8.13,35.39,-1.5,255.01,248.4
2023-05-16 00:00:00+05:30,253.2,256.71,251.02,252.06,565802,0.0,0.0,43.47,5.48,18.79,-0.45,255.33,249.32
2023-05-17 00:00:00+05:30,252.8,253.24,244.39,246.03,550416,0.0,0.0,38.9,6.38,6.67,-2.39,255.39,249.6
2023-05-18 00:00:00+05:30,246.62,248.05,242.32,244.0,560835,0.0,0.0,38.63,6.08,5.98,-0.82,255.32,249.86
2023-05-19 00:00:00+05:30,244.54,245.48,238.36,241.08,536788,0.0,0.0,29.83,8.61,7.02,-1.2,254.55,250.16
2023-05-22 00:00:00+05:30,241.03,245.88,239.4,242.42,580992,0.0,0.0,34.41,12.83,9.17,0.55,254.13,250.21
2023-05-23 00:00:00+05:30,243.46,251.37,243.11,245.38,1027848,0.0,0.0,32.91,22.22,14.55,1.22,253.58,249.78
2023-05-24 00:00:00+05:30,237.32,252.9,237.32,246.92,2421319,0.0,0.0,38.01,29.39,21.48,0.62,253.08,249.22
2023-05-25 00:00:00+05:30,246.72,259.38,245.28,255.82,2524854,0.0,0.0,48.08,56.67,36.09,3.6,253.1,249.0
2023-05-26 00:00:00+05:30,254.68,258.58,251.46,253.05,777989,0.0,0.0,42.12,51.29,45.78,-1.08,253.07,248.76
2023-05-29 00:00:00+05:30,254.93,255.42,248.2,249.88,669161,0.0,0.0,41.58,40.97,49.64,-1.25,252.67,248.64
2023-05-30 00:00:00+05:30,251.02,266.3,248.75,258.24,5852335,0.0,0.0,46.33,68.23,53.49,3.34,252.84,248.85
2023-05-31 00:00:00+05:30,259.42,261.75,250.18,251.22,1309255,0.0,0.0,42.11,47.95,52.38,-2.72,252.47,248.8
2023-06-01 00:00:00+05:30,252.21,256.06,249.73,250.62,1119477,0.0,0.0,43.89,45.9,54.03,-0.24,252.2,248.78
2023-06-02 00:00:00+05:30,253.86,254.96,248.98,250.08,1257856,2.0,0.0,46.84,44.01,45.96,-0.22,251.83,248.8
2023-06-05 00:00:00+05:30,251.27,253.81,248.18,248.78,939922,0.0,0.0,46.69,39.54,43.15,-0.52,251.26,248.91
2023-06-06 00:00:00+05:30,250.08,264.13,249.48,262.49,4108109,0.0,0.0,64.4,86.84,56.8,5.51,251.5,249.18
2023-06-07 00:00:00+05:30,263.83,273.1,263.48,267.12,4613115,0.0,0.0,69.35,83.28,69.89,1.77,251.76,249.55
2023-06-08 00:00:00+05:30,267.12,273.0,261.44,263.23,2449975,0.0,0.0,68.24,72.42,80.85,-1.46,251.93,249.91
2023-06-09 00:00:00+05:30,263.28,266.12,259.2,260.54,967627,0.0,0.0,64.6,64.9,73.53,-1.02,252.11,250.44
2023-06-12 00:00:00+05:30,261.09,261.44,255.36,256.36,1103057,0.0,0.0,58.67,53.2,63.5,-1.61,252.26,251.08
2023-06-13 00:00:00+05:30,257.15,264.23,256.8,260.19,1902429,0.0,0.0,60.12,53.6,57.23,1.5,252.67,251.89
2023-06-14 00:00:00+05:30,261.44,268.12,261.19,264.93,1954154,0.0,0.0,57.42,67.2,58.0,1.82,253.62,252.5
2023-06-15 00:00:00+05:30,263.53,267.12,260.19,261.49,1623765,0.0,0.0,56.8,53.4,58.07,-1.3,254.49,252.97
2023-06-16 00:00:00+05:30,261.64,262.63,254.31,255.76,1664604,0.0,0.0,54.54,30.4,50.33,-2.19,255.22,253.13
2023-06-19 00:00:00+05:30,257.05,258.05,252.17,252.77,1156392,0.0,0.0,45.39,18.4,34.07,-1.17,255.74,253.19
2023-06-20 00:00:00+05:30,253.56,257.1,250.72,256.21,1606006,0.0,0.0,54.48,32.2,27.0,1.36,256.28,253.33
2023-06-21 00:00:00+05:30,257.65,275.99,257.2,273.4,10555923,0.0,0.0,65.75,90.68,47.09,6.71,257.61,253.88
2023-06-22 00:00:00+05:30,276.09,284.06,269.41,271.21,9547731,0.0,0.0,64.29,64.17,62.35,-0.8,258.38,254.52
2023-06-23 00:00:00+05:30,271.51,271.51,259.15,260.54,2399179,0.0,0.0,57.06,31.99,62.28,-3.93,258.75,254.89
2023-06-26 00:00:00+05:30,261.84,272.6,255.51,271.16,3413288,0.0,0.0,55.4,61.29,52.48,4.07,259.82,255.46
2023-06-27 00:00:00+05:30,271.9,274.79,268.22,269.96,2005672,0.0,0.0,51.85,57.7,50.32,-0.44,260.4,255.95
2023-06-28 00:00:00+05:30,271.11,273.45,267.72,270.86,1769865,0.0,0.0,55.17,60.39,59.79,0.33,261.38,256.47
2023-06-30 00:00:00+05:30,271.56,278.48,270.21,271.85,3591725,0.0,0.0,57.84,63.38,60.49,0.37,262.45,257.0
2023-07-03 00:00:00+05:30,274.1,290.84,274.1,288.05,9158207,0.0,0.0,68.84,93.04,72.27,5.96,264.34,257.63
2023-07-04 00:00:00+05:30,289.05,298.02,288.95,293.33,7431298,0.0,0.0,69.37,90.09,82.17,1.83,266.57,258.48
2023-07-05 00:00:00+05:30,294.98,308.88,292.29,300.76,7466830,0.0,0.0,70.3,86.03,89.72,2.53,268.49,259.37
2023-07-06 00:00:00+05:30,302.0,310.78,302.0,308.98,4899288,0.0,0.0,75.52,97.01,91.05,2.73,270.58,260.41
2023-07-07 00:00:00+05:30,308.73,314.76,303.5,305.64,3372051,0.0,0.0,77.52,85.76,89.6,-1.08,272.7,261.41
2023-07-10 00:00:00+05:30,307.54,318.9,297.37,303.55,5081651,0.0,0.0,78.29,77.49,86.75,-0.68,274.85,262.41
2023-07-11 00:00:00+05:30,303.75,309.98,300.51,308.53,2109143,0.0,0.0,78.66,83.65,82.3,1.64,277.46,263.43
2023-07-12 00:00:00+05:30,309.53,315.01,306.49,311.92,2766745,0.0,0.0,74.86,88.99,83.38,1.1,280.04,264.57
2023-07-13 00:00:00+05:30,311.97,313.12,292.44,297.92,3594702,0.0,0.0,64.96,66.9,79.85,-4.49,281.69,265.35
2023-07-14 00:00:00+05:30,298.82,306.69,298.82,303.6,2450451,0.0,0.0,75.53,75.86,77.25,1.91,283.8,266.3
2023-07-17 00:00:00+05:30,294.03,297.87,290.54,292.34,5326680,0.0,0.0,62.46,48.1,63.62,-3.71,285.63,267.0
2023-07-18 00:00:00+05:30,292.34,295.43,282.32,288.75,4778733,0.0,0.0,60.75,41.09,55.02,-1.23,287.43,267.57
2023-07-19 00:00:00+05:30,290.04,300.31,287.7,294.53,5238041,0.0,0.0,62.83,49.95,46.38,2.0,289.34,268.31
2023-07-20 00:00:00+05:30,295.03,300.31,290.44,293.63,5447722,0.0,0.0,61.82,43.6,44.88,-0.3,290.36,268.95
2023-07-21 00:00:00+05:30,294.53,294.58,284.56,287.15,3864811,0.0,0.0,49.46,13.22,35.59,-2.21,291.15,269.49
2023-07-24 00:00:00+05:30,288.45,291.54,284.06,285.46,2025699,0.0,0.0,45.01,8.58,21.8,-0.59,292.4,270.06
2023-07-25 00:00:00+05:30,285.86,294.03,285.01,293.08,3578436,0.0,0.0,45.15,29.43,17.08,2.67,293.5,270.86
2023-07-26 00:00:00+05:30,294.73,295.83,288.65,291.54,2698488,0.0,0.0,37.95,25.2,21.07,-0.53,294.57,271.65
2023-07-27 00:00:00+05:30,292.54,293.98,286.16,288.45,2487865,0.0,0.0,38.08,16.76,23.8,-1.06,295.45,272.5
2023-07-28 00:00:00+05:30,288.25,293.88,287.05,291.14,2947702,0.0,0.0,41.47,26.98,22.98,0.93,296.42,273.44
2023-07-31 00:00:00+05:30,292.04,292.64,286.51,287.75,1135620,0.0,0.0,35.39,16.62,20.12,-1.16,296.4,274.37
2023-08-01 00:00:00+05:30,287.95,297.72,287.75,294.88,3478387,0.0,0.0,38.62,40.78,28.12,2.48,296.48,275.42
2023-08-02 00:00:00+05:30,295.03,297.22,286.61,289.89,1245165,0.0,0.0,43.91,31.08,29.49,-1.69,295.94,276.31
2023-08-03 00:00:00+05:30,287.6,293.23,285.06,286.16,1658733,0.0,0.0,36.35,21.33,31.06,-1.29,294.8,277.1
2023-08-04 00:00:00+05:30,288.05,294.73,287.45,292.34,1643906,0.0,0.0,50.0,55.68,36.03,2.16,294.13,277.83
2023-08-07 00:00:00+05:30,293.78,295.53,290.04,290.89,2047378,0.0,0.0,51.89,42.02,39.68,-0.49,293.5,278.58
2023-08-08 00:00:00+05:30,291.94,293.73,288.15,289.89,1196616,0.0,0.0,45.53,35.89,44.53,-0.34,292.57,279.38
2023-08-09 00:00:00+05:30,289.89,316.36,289.1,313.22,15884418,0.0,0.0,63.18,90.28,56.06,8.05,292.63,280.48
2023-08-10 00:00:00+05:30,314.96,338.88,313.62,335.44,15505766,0.0,0.0,76.81,93.73,73.3,7.1,294.51,282.17
2023-08-11 00:00:00+05:30,336.89,343.32,324.03,340.93,7475933,0.0,0.0,79.55,95.9,93.3,1.63,296.37,283.97
2023-08-14 00:00:00+05:30,343.87,355.43,338.88,346.11,17052699,0.0,0.0,79.01,86.76,92.13,1.52,299.06,285.89
2023-08-16 00:00:00+05:30,357.82,368.69,350.94,366.79,12692854,0.0,0.0,84.04,97.74,93.46,5.98,302.96,288.25
2023-08-17 00:00:00+05:30,367.29,367.49,349.85,351.39,7639230,0.0,0.0,75.62,79.32,87.94,-4.2,305.81,290.03
2023-08-18 00:00:00+05:30,350.84,363.55,347.65,361.16,3816293,0.0,0.0,76.95,91.0,89.35,2.78,309.18,291.91
2023-08-21 00:00:00+05:30,361.61,365.25,355.33,360.06,2141566,0.0,0.0,78.33,89.69,86.67,-0.3,312.83,293.85
2023-08-22 00:00:00+05:30,361.71,365.74,357.62,359.42,2409130,0.0,0.0,76.64,88.92,89.87,-0.18,316.53,295.83
2023-08-23 00:00:00+05:30,360.01,363.5,354.03,356.13,1289113,0.0,0.0,77.72,84.98,87.86,-0.92,319.68,297.82
2023-08-24 00:00:00+05:30,357.22,358.62,346.86,349.55,2928029,0.0,0.0,75.92,76.44,83.45,-1.85,322.58,299.61
2023-08-25 00:00:00+05:30,347.06,350.84,339.03,346.46,3707340,0.0,0.0,72.7,72.4,77.94,-0.88,325.48,301.24
2023-08-28 00:00:00+05:30,348.1,352.54,343.57,346.11,4069290,0.0,0.0,73.38,71.97,73.6,-0.1,328.23,302.93
2023-08-29 00:00:00+05:30,346.26,367.69,340.98,365.0,7686633,0.0,0.0,77.61,95.37,79.91,5.46,332.09,305.12
2023-08-30 00:00:00+05:30,368.24,371.53,352.09,355.63,5858783,0.0,0.0,67.37,72.55,79.96,-2.57,335.13,307.17
2023-08-31 00:00:00+05:30,356.82,359.22,347.85,349.8,4964607,0.0,0.0,56.79,54.25,74.05,-1.64,338.12,309.05
2023-09-01 00:00:00+05:30,350.25,357.47,348.35,353.09,2184054,0.0,0.0,55.88,43.51,56.77,0.94,341.47,310.64
2023-09-04 00:00:00+05:30,353.83,365.79,351.39,362.41,6089243,0.0,0.0,57.57,71.93,56.56,2.64,344.97,312.46
2023-09-05 00:00:00+05:30,363.9,383.34,359.91,377.51,10062926,0.0,0.0,55.25,86.84,67.43,4.17,349.3,314.8
2023-09-06 00:00:00+05:30,380.4,386.13,374.81,381.04,6620085,0.0,0.0,66.45,89.21,82.66,0.94,353.86,317.0
2023-09-07 00:00:00+05:30,381.74,384.98,371.43,381.19,2947607,0.0,0.0,62.44,89.52,88.52,0.04,357.26,319.23
2023-09-08 00:00:00+05:30,381.74,396.0,377.85,393.25,5909442,0.0,0.0,68.14,95.19,91.31,3.16,360.15,321.67
2023-09-11 00:00:00+05:30,397.69,435.96,396.69,429.83,15600422,0.0,0.0,77.63,93.68,92.8,9.3,364.6,324.83
2023-09-12 00:00:00+05:30,431.53,431.93,391.86,395.85,7436370,0.0,0.0,62.56,58.61,82.49,-7.91,367.08,326.99
2023-09-13 00:00:00+05:30,399.88,412.74,382.24,394.45,5372790,0.0,0.0,64.68,57.17,69.82,-0.35,368.47,329.01
2023-09-14 00:00:00+05:30,398.69,409.65,396.79,405.81,3423733,0.0,0.0,68.41,68.26,61.35,2.88,371.19,331.11
2023-09-15 00:00:00+05:30,408.65,419.92,393.7,397.54,4347819,0.0,0.0,65.2,59.55,61.66,-2.04,373.01,332.88
2023-09-18 00:00:00+05:30,397.54,403.37,388.47,392.66,2383667,0.0,0.0,58.91,50.85,59.55,-1.23,374.64,334.62
2023-09-20 00:00:00+05:30,395.15,412.69,393.7,406.16,9833720,0.0,0.0,65.86,66.18,58.86,3.44,376.97,336.68
2023-09-21 00:00:00+05:30,407.61,410.15,389.27,392.51,3293803,0.0,0.0,62.78,50.4,55.81,-3.36,378.79,338.36
2023-09-22 00:00:00+05:30,395.4,423.6,394.7,420.71,8195545,0.0,0.0,67.61,81.97,66.18,7.19,382.35,340.53
2023-09-25 00:00:00+05:30,419.52,426.79,407.91,419.77,6388720,0.0,0.0,65.62,78.7,70.36,-0.23,386.02,342.97
2023-09-26 00:00:00+05:30,416.63,440.5,416.63,438.46,11627241,0.0,0.0,66.28,97.04,85.9,4.45,390.63,345.67
2023-09-27 00:00:00+05:30,438.21,443.44,428.09,431.48,5638981,0.0,0.0,63.23,83.39,86.38,-1.59,393.96,348.45
2023-09-28 00:00:00+05:30,432.57,434.57,412.29,415.13,5061828,0.0,0.0,58.2,56.84,79.09,-3.79,396.93,350.98
2023-09-29 00:00:00+05:30,418.22,438.75,416.23,435.96,3958186,0.0,0.0,59.9,87.79,76.0,5.02,401.24,353.81
2023-10-03 00:00:00+05:30,435.96,447.53,425.6,441.15,5917406,0.0,0.0,53.07,90.23,78.28,1.19,405.64,356.76
2023-10-04 00:00:00+05:30,435.56,437.36,414.73,417.52,8993604,0.0,0.0,56.23,54.05,77.35,-5.35,408.4,359.36
2023-10-05 00:00:00+05:30,420.61,425.05,409.65,412.14,2779532,0.0,0.0,54.97,40.08,61.45,-1.29,410.13,361.9
2023-10-06 00:00:00+05:30,414.98,422.26,408.16,418.27,6266338,0.0,0.0,53.61,50.46,48.2,1.49,411.99,364.4
2023-10-09 00:00:00+05:30,408.65,415.88,399.33,411.05,4774705,0.0,0.0,53.94,38.23,42.93,-1.73,413.49,366.79
2023-10-10 00:00:00+05:30,413.69,419.47,405.26,407.21,6422989,0.0,0.0,54.27,30.8,39.83,-0.93,414.18,369.17
2023-10-11 00:00:00+05:30,410.65,412.64,391.81,396.05,3947171,0.0,0.0,46.99,11.63,26.89,-2.74,412.49,371.26
2023-10-12 00:00:00+05:30,399.43,403.37,388.77,390.71,7172929,0.0,0.0,49.44,3.31,15.25,-1.35,412.24,373.32
2023-10-13 00:00:00+05:30,390.21,403.57,388.97,390.76,6378085,0.0,0.0,38.63,3.39,6.11,0.01,412.05,375.24
2023-10-16 00:00:00+05:30,393.5,407.46,392.01,399.88,7175895,0.0,0.0,42.89,18.91,8.54,2.33,411.76,377.44
2023-10-17 00:00:00+05:30,403.67,406.11,398.89,402.32,4270866,0.0,0.0,35.39,23.07,15.13,0.61,412.0,379.76
2023-10-18 00:00:00+05:30,402.17,407.01,392.31,394.05,4535527,0.0,0.0,35.02,8.99,16.99,-2.06,412.06,381.8
2023-10-19 00:00:00+05:30,393.6,403.87,392.86,400.53,4226600,0.0,0.0,43.66,20.02,17.36,1.64,411.78,383.99
2023-10-20 00:00:00+05:30,400.48,401.68,380.8,386.53,2123052,0.0,0.0,27.16,8.59,12.53,-3.5,411.48,385.92
2023-10-23 00:00:00+05:30,408.65,408.65,366.89,375.11,13762641,0.0,0.0,21.16,11.67,13.42,-2.95,409.2,387.16
2023-10-25 00:00:00+05:30,378.8,381.04,346.36,365.0,12466358,0.0,0.0,23.99,23.69,14.65,-2.7,406.47,387.75
2023-10-26 00:00:00+05:30,361.96,392.51,358.82,389.62,11514552,0.0,0.0,40.63,56.99,30.78,6.74,404.02,388.73
2023-10-27 00:00:00+05:30,389.22,397.14,383.14,392.46,5942760,0.0,0.0,38.96,63.05,47.91,0.73,402.07,389.65
2023-10-30 00:00:00+05:30,391.51,401.58,384.83,394.6,2842071,0.0,0.0,42.65,65.98,62.01,0.55,401.05,390.21
2023-10-31 00:00:00+05:30,397.34,399.13,381.74,384.53,2346340,0.0,0.0,40.4,57.59,62.21,-2.55,398.47,390.87
2023-11-01 00:00:00+05:30,375.71,386.43,373.87,375.71,2576034,0.0,0.0,41.21,47.12,56.9,-2.29,395.2,391.16
2023-11-02 00:00:00+05:30,378.75,395.45,378.75,392.81,3128771,0.0,0.0,50.82,74.56,59.76,4.55,393.97,391.82
2023-11-03 00:00:00+05:30,395.4,400.28,388.57,392.51,2724040,0.0,0.0,50.68,74.08,65.25,-0.08,392.99,392.48
2023-11-06 00:00:00+05:30,394.65,395.95,383.79,384.78,1769702,0.0,0.0,44.02,61.68,70.11,-1.97,391.31,393.05
2023-11-07 00:00:00+05:30,385.23,392.61,382.29,384.93,1994217,0.0,0.0,42.99,61.92,65.89,0.04,390.0,393.76
2023-11-08 00:00:00+05:30,384.93,391.11,381.94,383.44,1878871,0.0,0.0,45.47,59.52,61.04,-0.39,388.82,394.5
2023-11-09 00:00:00+05:30,385.33,389.12,381.74,383.44,1303012,0.0,0.0,42.29,59.52,60.32,0.0,388.19,395.25
2023-11-10 00:00:00+05:30,382.04,386.13,377.26,381.44,1890134,0.0,0.0,47.43,56.32,58.45,-0.52,387.72,395.58
2023-11-13 00:00:00+05:30,387.87,398.09,383.74,391.11,3522456,0.0,0.0,58.24,81.05,65.63,2.53,387.74,396.29
2023-11-15 00:00:00+05:30,394.7,410.45,391.81,398.59,9439405,0.0,0.0,67.79,77.03,71.46,1.91,387.68,397.26
2023-11-16 00:00:00+05:30,400.18,407.06,393.7,395.65,3694567,0.0,0.0,54.15,59.54,72.54,-0.74,387.34,398.11
2023-11-17 00:00:00+05:30,397.49,402.37,395.4,398.44,2342464,0.0,0.0,54.12,67.17,67.91,0.71,387.56,398.83
2023-11-20 00:00:00+05:30,399.48,404.67,393.7,400.23,1934702,0.0,0.0,53.89,72.07,66.26,0.45,387.55,399.29
2023-11-21 00:00:00+05:30,400.68,403.87,396.74,399.09,2318671,0.0,0.0,61.48,68.94,69.39,-0.29,388.17,399.65
2023-11-22 00:00:00+05:30,401.13,418.02,400.38,416.78,9402036,0.0,0.0,78.41,96.94,79.32,4.43,390.26,400.36
2023-11-23 00:00:00+05:30,418.87,425.6,409.85,412.09,5124373,0.0,0.0,66.11,72.06,79.31,-1.12,392.61,400.74
2023-11-24 00:00:00+05:30,414.63,427.59,414.53,419.57,6556226,0.0,0.0,70.19,84.06,84.36,1.81,394.11,400.53
2023-11-28 00:00:00+05:30,420.61,421.56,405.51,408.11,2467926,0.0,0.0,66.48,61.29,72.47,-2.73,394.89,400.78
2023-11-29 00:00:00+05:30,410.65,420.76,409.1,413.49,3098201,0.0,0.0,68.79,71.98,72.44,1.32,395.84,401.16
2023-11-30 00:00:00+05:30,414.98,415.18,405.66,407.01,3279190,0.0,0.0,64.55,59.11,64.13,-1.57,396.96,401.18
2023-12-01 00:00:00+05:30,409.65,426.89,409.4,423.21,7105287,0.0,0.0,70.46,91.29,74.13,3.98,399.33,401.69
2023-12-04 00:00:00+05:30,432.57,433.37,421.31,423.11,3461202,0.0,0.0,71.86,79.32,76.57,-0.02,400.85,402.3
2023-12-05 00:00:00+05:30,423.11,424.05,411.64,413.84,4645869,0.0,0.0,61.97,53.0,74.53,-2.19,401.92,402.46
2023-12-06 00:00:00+05:30,418.62,441.5,415.13,437.56,8182520,0.0,0.0,67.53,91.76,74.69,5.73,404.55,403.36
2023-12-07 00:00:00+05:30,438.51,459.49,430.08,456.79,9610161,0.0,0.0,73.99,95.91,80.22,4.4,408.15,404.08
2023-12-08 00:00:00+05:30,458.49,475.43,445.18,450.32,8566641,0.0,0.0,69.78,69.27,85.65,-1.42,411.49,404.69
2023-12-11 00:00:00+05:30,452.51,464.02,448.92,454.25,3173371,0.0,0.0,70.27,73.08,79.42,0.87,415.03,405.01
2023-12-12 00:00:00+05:30,454.4,456.45,440.55,443.49,1773674,0.0,0.0,65.54,57.44,66.6,-2.37,418.13,405.25
2023-12-13 00:00:00+05:30,445.23,456.5,442.64,454.0,2500544,0.0,0.0,63.72,69.35,66.62,2.37,421.28,406.02
2023-12-14 00:00:00+05:30,456.4,458.74,448.57,449.52,1849727,0.0,0.0,63.81,62.94,63.24,-0.99,423.83,406.3
2023-12-15 00:00:00+05:30,451.51,453.36,430.58,433.32,3493250,0.0,0.0,54.77,39.77,57.35,-3.6,425.71,406.14
2023-12-18 00:00:00+05:30,413.19,443.99,413.19,434.52,6657503,0.0,0.0,59.86,41.36,48.02,0.28,427.51,406.48
2023-12-19 00:00:00+05:30,434.12,441.3,427.39,429.93,2584114,0.0,0.0,56.18,34.79,38.64,-1.06,429.0,406.83
2023-12-20 00:00:00+05:30,432.57,439.2,399.18,403.72,3841579,0.0,0.0,48.92,5.95,27.36,-6.1,429.23,406.54
2023-12-21 00:00:00+05:30,404.62,421.16,396.34,415.98,3248379,0.0,0.0,47.57,24.83,21.85,3.04,429.19,406.64
2023-12-22 00:00:00+05:30,418.62,421.81,406.21,407.96,2209991,0.0,0.0,45.17,14.68,15.15,-1.93,428.98,406.66
2023-12-26 00:00:00+05:30,418.62,421.81,411.74,413.79,3727266,0.0,0.0,49.98,22.05,20.52,1.43,428.69,407.01
2023-12-27 00:00:00+05:30,416.28,419.12,407.46,409.5,1936541,0.0,0.0,39.53,16.64,17.79,-1.04,428.76,407.39
2023-12-28 00:00:00+05:30,412.09,412.24,405.17,406.71,1233428,0.0,0.0,28.7,13.11,17.27,-0.68,428.43,407.71
2023-12-29 00:00:00+05:30,407.21,413.64,406.06,407.71,2226096,0.0,0.0,30.99,16.79,15.51,0.25,428.46,407.86
2024-01-01 00:00:00+05:30,411.54,412.24,407.51,408.7,1840554,0.0,0.0,29.13,19.81,16.57,0.24,427.74,407.99
2024-01-02 00:00:00+05:30,408.7,412.64,402.82,407.61,1835815,0.0,0.0,31.96,18.05,18.22,-0.27,426.96,408.26
2024-01-03 00:00:00+05:30,408.2,421.41,406.46,409.9,3138198,0.0,0.0,25.83,21.73,19.86,0.56,426.76,408.45
2024-01-04 00:00:00+05:30,411.99,426.64,409.7,424.9,4618595,0.0,0.0,37.9,50.09,29.95,3.66,426.13,409.22
2024-01-05 00:00:00+05:30,427.09,430.08,415.03,418.57,3640549,0.0,0.0,41.97,46.65,39.49,-1.49,424.22,410.09
2024-01-08 00:00:00+05:30,420.66,424.5,415.63,418.07,1594630,0.0,0.0,40.98,48.34,48.36,-0.12,422.61,411.15
2024-01-09 00:00:00+05:30,420.61,456.84,418.72,453.36,15022810,0.0,0.0,59.61,94.23,63.07,8.44,422.56,412.42
2024-01-10 00:00:00+05:30,455.5,468.46,455.5,463.27,9076720,0.0,0.0,78.2,92.81,78.46,2.19,423.55,413.84
2024-01-11 00:00:00+05:30,465.62,482.41,454.1,479.12,7777374,0.0,0.0,78.91,95.87,94.3,3.42,424.81,415.53
2024-01-12 00:00:00+05:30,482.01,483.31,470.6,481.91,6100637,0.0,0.0,85.57,98.27,95.65,0.58,426.43,417.48
2024-01-15 00:00:00+05:30,481.36,483.21,469.05,471.9,2006047,0.0,0.0,76.87,85.82,93.32,-2.08,428.36,419.4
2024-01-16 00:00:00+05:30,471.9,473.44,454.5,464.07,2560974,0.0,0.0,74.43,76.1,86.73,-1.66,429.83,420.83
2024-01-17 00:00:00+05:30,450.52,472.74,450.17,470.55,3771709,0.0,0.0,77.67,84.15,82.02,1.4,431.86,422.39
2024-01-18 00:00:00+05:30,469.25,479.92,455.5,477.18,4329665,0.0,0.0,78.71,92.38,84.21,1.41,435.54,424.23
2024-01-19 00:00:00+05:30,481.41,508.33,481.41,499.75,8422478,0.0,0.0,81.93,91.88,89.47,4.73,439.73,426.53
2024-01-23 00:00:00+05:30,511.32,514.5,472.44,483.31,4062512,0.0,0.0,73.97,71.13,85.13,-3.29,443.49,428.53
2024-01-24 00:00:00+05:30,473.44,496.86,465.57,487.19,6192346,0.0,0.0,74.23,73.94,78.98,0.8,447.16,430.6
2024-01-25 00:00:00+05:30,491.23,499.6,479.62,486.05,1873409,0.0,0.0,70.99,71.39,72.15,-0.24,450.99,432.7
2024-01-29 00:00:00+05:30,490.83,503.19,489.34,494.67,2296482,0.0,0.0,75.72,79.94,75.09,1.77,455.39,434.77
2024-01-30 00:00:00+05:30,497.36,498.76,486.05,488.34,1725003,0.0,0.0,72.85,72.68,74.67,-1.28,459.42,436.56
2024-01-31 00:00:00+05:30,492.88,506.93,489.54,503.09,2885641,0.0,0.0,68.66,82.26,78.3,3.02,464.14,438.71
2024-02-01 00:00:00+05:30,505.83,505.83,488.39,490.04,1925034,0.0,0.0,59.81,61.97,72.3,-2.6,468.26,440.54
2024-02-02 00:00:00+05:30,493.18,500.2,476.28,481.31,2771930,0.0,0.0,50.85,48.41,64.21,-1.78,471.83,442.16
2024-02-05 00:00:00+05:30,486.2,505.29,484.2,491.28,2921559,0.0,0.0,53.43,63.9,58.09,2.07,475.15,444.01
2024-02-06 00:00:00+05:30,493.57,502.15,485.5,490.04,2051836,0.0,0.0,57.1,61.97,58.09,-0.25,478.73,445.47
2024-02-07 00:00:00+05:30,492.28,507.68,490.09,492.33,3369728,0.0,0.0,61.57,65.53,63.8,0.47,482.44,447.08
2024-02-08 00:00:00+05:30,495.27,518.29,495.17,505.19,5703530,0.0,0.0,63.47,79.13,68.88,2.61,485.03,448.79
2024-02-09 00:00:00+05:30,507.33,510.22,482.51,498.56,3188552,0.0,0.0,58.32,62.57,69.08,-1.31,486.79,450.6
2024-02-12 00:00:00+05:30,505.98,519.94,492.88,495.57,6118550,0.0,0.0,48.08,55.18,65.63,-0.6,487.62,452.24
2024-02-13 00:00:00+05:30,505.78,505.78,483.16,485.45,4131893,0.0,0.0,51.04,36.57,51.44,-2.04,487.79,453.81
2024-02-14 00:00:00+05:30,472.44,484.1,472.44,478.12,2319951,0.0,0.0,45.72,11.96,34.57,-1.51,488.1,454.91
2024-02-15 00:00:00+05:30,482.91,491.68,481.41,482.56,2197718,0.0,0.0,48.4,21.3,23.28,0.93,489.03,456.1
2024-02-16 00:00:00+05:30,486.8,487.89,477.58,478.87,1131246,0.0,0.0,42.43,13.54,15.6,-0.76,489.44,457.4
2024-02-19 00:00:00+05:30,482.51,500.25,478.92,497.61,4573746,0.0,0.0,53.97,52.99,29.28,3.91,490.47,458.6
2024-02-20 00:00:00+05:30,496.12,496.36,484.9,488.99,2420333,0.0,0.0,43.63,34.84,33.79,-1.73,489.93,459.24
2024-02-21 00:00:00+05:30,488.99,492.38,479.02,483.06,1545884,0.0,0.0,46.63,22.35,36.73,-1.21,489.92,459.9
2024-02-22 00:00:00+05:30,484.3,494.97,481.21,486.4,2107198,0.0,0.0,52.59,29.38,28.86,0.69,489.88,460.54
2024-02-23 00:00:00+05:30,488.14,509.07,484.5,505.19,5304876,0.0,0.0,56.5,68.94,40.22,3.86,490.83,461.77
2024-02-26 00:00:00+05:30,509.82,536.18,508.57,521.98,14220530,0.0,0.0,63.03,77.72,58.68,3.32,492.2,463.13
2024-02-27 00:00:00+05:30,523.72,530.75,499.21,520.14,5937986,0.0,0.0,61.39,74.82,73.83,-0.35,493.79,464.55
2024-02-28 00:00:00+05:30,520.78,521.78,501.35,505.93,3249733,0.0,0.0,50.3,52.54,68.36,-2.73,493.93,466.0
2024-02-29 00:00:00+05:30,505.33,510.12,488.59,506.63,6047978,0.0,0.0,53.44,53.64,60.33,0.14,494.76,467.44
2024-03-01 00:00:00+05:30,506.63,513.11,499.6,502.0,4229025,0.0,0.0,52.7,46.36,50.85,-0.91,495.79,468.88
2024-03-04 00:00:00+05:30,505.14,518.99,504.34,515.2,7041914,0.0,0.0,62.17,67.08,55.69,2.63,496.99,471.11
2024-03-05 00:00:00+05:30,515.3,518.09,505.43,507.83,1265026,0.0,0.0,62.14,51.62,55.02,-1.43,497.88,472.95
2024-03-06 00:00:00+05:30,511.02,514.7,492.63,510.37,3355263,0.0,0.0,61.55,55.95,58.22,0.5,498.78,475.0
2024-03-07 00:00:00+05:30,512.31,525.27,509.07,513.56,1551197,0.0,0.0,64.46,60.49,56.02,0.62,499.2,476.99
2024-03-11 00:00:00+05:30,514.31,515.1,499.9,507.33,1647238,0.0,0.0,54.52,49.52,55.32,-1.21,499.64,478.95
2024-03-12 00:00:00+05:30,507.33,512.26,489.54,507.63,3644807,0.0,0.0,59.41,50.04,53.35,0.06,500.24,480.97
2024-03-13 00:00:00+05:30,506.13,506.13,458.49,459.54,5554982,0.0,0.0,41.67,1.35,33.64,-9.47,498.95,482.0
2024-03-14 00:00:00+05:30,458.49,480.27,450.71,475.28,3198205,0.0,0.0,46.38,28.75,26.71,3.43,498.8,483.34
2024-03-15 00:00:00+05:30,479.42,497.86,471.0,496.26,5941930,0.0,0.0,47.14,53.29,27.8,4.41,499.49,485.11
2024-03-18 00:00:00+05:30,498.36,500.5,479.42,493.77,2663154,0.0,0.0,40.04,53.8,45.28,-0.5,500.23,486.79
2024-03-19 00:00:00+05:30,486.35,494.27,473.44,481.21,1848152,0.0,0.0,37.22,40.91,49.33,-2.54,499.41,487.91
2024-03-20 00:00:00+05:30,480.42,493.27,477.08,487.54,1667394,0.0,0.0,43.63,49.4,48.04,1.32,499.34,489.29
2024-03-21 00:00:00+05:30,492.88,505.33,491.18,502.89,2459438,0.0,0.0,48.82,69.99,53.43,3.15,500.33,490.99
2024-03-22 00:00:00+05:30,503.14,515.8,498.41,513.76,2676903,0.0,0.0,53.56,84.56,67.98,2.16,501.7,492.2
2024-03-26 00:00:00+05:30,519.24,526.96,507.78,511.51,2405945,0.0,0.0,48.8,79.74,78.09,-0.44,502.02,493.16
2024-03-27 00:00:00+05:30,511.61,525.27,511.61,514.95,3169799,0.0,0.0,52.37,84.25,82.85,0.67,501.67,493.88
2024-03-28 00:00:00+05:30,523.23,531.75,519.89,527.16,4207650,0.0,0.0,55.25,94.34,86.11,2.37,502.02,494.78
2024-04-01 00:00:00+05:30,531.25,536.08,513.51,516.75,2547243,0.0,0.0,50.95,77.35,85.31,-1.98,502.56,495.68
2024-04-02 00:00:00+05:30,517.84,541.22,517.84,540.42,4041053,0.0,0.0,58.96,99.12,90.27,4.58,504.25,497.21
2024-04-03 00:00:00+05:30,545.2,581.98,540.87,579.44,17570174,0.0,0.0,66.07,98.06,91.51,7.22,508.12,499.38
2024-04-04 00:00:00+05:30,580.09,602.02,575.2,581.14,8023364,0.0,0.0,84.35,86.2,94.46,0.29,511.42,501.46
2024-04-05 00:00:00+05:30,581.88,598.03,580.59,597.13,3623564,0.0,0.0,84.37,96.27,93.51,2.75,515.88,503.41
2024-04-08 00:00:00+05:30,600.02,630.02,599.97,625.44,6476004,0.0,0.0,84.99,97.07,93.18,4.74,521.64,506.25
2024-04-09 00:00:00+05:30,627.93,628.58,594.39,611.09,8876328,0.0,0.0,79.86,87.91,93.75,-2.29,526.51,508.73
2024-04-10 00:00:00+05:30,613.48,627.93,610.04,614.03,3433168,0.0,0.0,85.54,89.54,91.51,0.48,531.85,511.29
2024-04-12 00:00:00+05:30,614.97,625.34,607.6,614.43,3756080,0.0,0.0,85.07,88.77,88.74,0.06,537.19,513.69
2024-04-15 00:00:00+05:30,589.26,613.98,586.42,607.5,2834063,0.0,0.0,80.32,82.89,87.06,-1.13,544.59,516.07
2024-04-16 00:00:00+05:30,604.01,609.99,594.54,600.07,4629977,0.0,0.0,75.53,75.5,82.38,-1.22,550.83,518.01
2024-04-18 00:00:00+05:30,600.07,630.92,600.07,626.44,5774203,0.0,0.0,79.75,96.24,84.88,4.39,557.33,520.74
2024-04-19 00:00:00+05:30,619.96,636.6,609.64,624.64,3564737,0.0,0.0,78.64,90.28,87.34,-0.29,563.88,523.6
2024-04-22 00:00:00+05:30,647.87,647.87,605.06,609.44,4322386,0.0,0.0,71.15,71.4,85.98,-2.43,570.29,525.97
2024-04-23 00:00:00+05:30,614.23,622.2,607.0,614.33,3430025,0.0,0.0,75.82,74.2,78.63,0.8,576.63,528.45
2024-04-24 00:00:00+05:30,617.91,623.84,593.05,598.43,3340579,0.0,0.0,66.01,53.8,66.47,-2.59,581.4,530.57
2024-04-25 00:00:00+05:30,601.02,611.63,600.12,602.71,1539624,0.0,0.0,57.94,37.86,55.29,0.72,585.85,532.53
2024-04-26 00:00:00+05:30,603.96,607.25,597.18,598.93,1929533,0.0,0.0,55.99,27.26,39.64,-0.63,590.22,534.53
2024-04-29 00:00:00+05:30,601.97,604.01,595.04,601.32,917096,0.0,0.0,51.55,24.25,29.79,0.4,594.54,536.65
2024-04-30 00:00:00+05:30,603.71,629.92,602.07,627.48,5137464,0.0,0.0,50.77,66.83,39.45,4.35,599.56,539.49
2024-05-02 00:00:00+05:30,630.02,644.23,628.93,636.15,2927025,0.0,0.0,59.86,80.94,57.34,1.38,605.53,542.65
2024-05-03 00:00:00+05:30,636.15,643.78,618.86,640.09,2585406,0.0,0.0,60.17,87.35,78.37,0.62,610.51,545.8
2024-05-06 00:00:00+05:30,640.14,640.54,609.64,615.52,2715347,0.0,0.0,50.36,47.36,71.88,-3.84,612.31,548.53
2024-05-07 00:00:00+05:30,617.71,618.61,577.1,582.13,4215319,0.0,0.0,42.9,7.11,47.27,-5.42,612.36,550.22
2024-05-08 00:00:00+05:30,590.06,615.92,551.33,555.42,11177701,0.0,0.0,38.73,4.23,19.57,-4.59,610.28,551.55
2024-05-09 00:00:00+05:30,564.14,580.69,523.28,529.21,10773010,0.0,0.0,25.43,4.76,5.37,-4.72,605.47,552.47
2024-05-10 00:00:00+05:30,536.23,572.11,518.49,568.38,10273764,0.0,0.0,38.04,38.56,15.85,7.4,603.33,554.11
2024-05-13 00:00:00+05:30,568.38,574.61,550.19,572.51,3934451,0.0,0.0,41.76,42.96,28.76,0.73,601.26,555.46
2024-05-14 00:00:00+05:30,575.95,601.87,571.17,597.73,6001660,0.0,0.0,46.61,63.02,48.18,4.4,600.42,556.98
2024-05-15 00:00:00+05:30,603.01,633.51,590.35,596.09,7636943,0.0,0.0,49.49,61.71,55.9,-0.28,599.85,558.49
2024-05-16 00:00:00+05:30,602.12,609.99,588.41,592.2,4501917,0.0,0.0,47.71,58.62,61.12,-0.65,599.46,560.22
2024-05-17 00:00:00+05:30,593.99,607.55,586.32,591.95,3776753,0.0,0.0,48.46,58.42,59.59,-0.04,597.73,561.93
2024-05-21 00:00:00+05:30,597.93,615.92,589.81,601.92,4562832,0.0,0.0,50.13,66.35,61.13,1.68,596.6,563.92
2024-05-22 00:00:00+05:30,604.96,617.86,599.52,607.45,5160226,0.0,0.0,45.3,70.75,65.17,0.92,596.5,565.77
2024-05-23 00:00:00+05:30,609.89,623.94,608.89,615.42,4278722,0.0,0.0,45.12,77.37,71.49,1.31,596.55,567.92
2024-05-24 00:00:00+05:30,617.96,625.39,594.59,598.68,5408025,0.0,0.0,40.81,65.7,71.27,-2.72,596.56,569.69
2024-05-27 00:00:00+05:30,601.82,621.1,594.09,619.06,4677642,0.0,0.0,50.8,87.44,76.83,3.4,597.38,571.8
2024-05-28 00:00:00+05:30,622.2,628.93,606.35,610.94,3934824,0.0,0.0,57.35,80.37,77.84,-1.31,597.98,573.87
2024-05-29 00:00:00+05:30,612.98,619.96,600.62,602.22,3836768,0.0,0.0,63.15,72.79,80.2,-1.43,598.03,575.76
2024-05-30 00:00:00+05:30,605.21,620.95,594.64,607.0,6029013,0.0,0.0,74.85,76.95,76.7,0.79,597.0,578.71
2024-05-31 00:00:00+05:30,616.0,630.0,599.4,613.0,47181863,2.0,0.0,68.09,75.38,75.04,0.99,595.85,581.47
2024-06-03 00:00:00+05:30,644.0,663.8,640.0,658.7,6599899,0.0,0.0,76.13,94.49,82.28,7.46,596.78,584.71
2024-06-04 00:00:00+05:30,661.0,661.0,528.0,553.3,11657328,0.0,0.0,40.94,18.63,62.84,-16.0,593.66,585.9
2024-06-05 00:00:00+05:30,575.7,615.0,553.3,608.55,5764910,0.0,0.0,52.09,59.32,57.48,9.99,594.99,588.45
2024-06-06 00:00:00+05:30,614.6,630.0,606.55,625.1,3961169,0.0,0.0,55.28,71.5,49.82,2.72,598.47,591.2
2024-06-07 00:00:00+05:30,628.25,628.45,614.35,625.95,1813016,0.0,0.0,55.45,72.13,67.65,0.14,603.31,593.66
2024-06-10 00:00:00+05:30,629.4,640.45,622.15,629.65,1989705,0.0,0.0,54.54,74.85,72.83,0.59,606.37,595.98
2024-06-11 00:00:00+05:30,632.8,640.9,626.15,638.0,1909258,0.0,0.0,54.95,81.0,75.99,1.33,609.64,598.51
2024-06-12 00:00:00+05:30,640.0,655.0,635.15,650.25,2218295,0.0,0.0,55.57,90.02,81.96,1.92,612.27,601.22
2024-06-13 00:00:00+05:30,656.8,668.85,649.2,659.45,1872711,0.0,0.0,59.95,93.33,88.12,1.41,615.44,603.86
2024-06-14 00:00:00+05:30,662.0,687.35,657.05,683.6,4521695,0.0,0.0,60.44,97.65,93.67,3.66,620.01,607.2
2024-06-18 00:00:00+05:30,694.0,713.45,687.55,706.7,7214644,0.0,0.0,64.78,96.36,95.78,3.38,625.75,610.53
2024-06-19 00:00:00+05:30,712.5,713.75,683.9,698.4,2885290,0.0,0.0,64.86,91.74,95.25,-1.17,630.57,612.9
2024-06-20 00:00:00+05:30,700.5,711.85,697.5,707.1,2111730,0.0,0.0,65.28,96.42,94.84,1.25,635.55,615.42
2024-06-21 00:00:00+05:30,707.1,728.0,700.0,723.65,8848978,0.0,0.0,66.37,97.83,95.33,2.34,640.96,617.95
2024-06-24 00:00:00+05:30,730.0,750.0,724.0,747.1,4406730,0.0,0.0,64.0,98.69,97.65,3.24,648.39,620.39
2024-06-25 00:00:00+05:30,748.0,750.0,716.2,720.1,3018884,0.0,0.0,85.13,84.8,93.77,-3.61,653.44,622.57
2024-06-26 00:00:00+05:30,723.0,726.65,709.05,712.3,2418464,0.0,0.0,77.31,73.72,85.74,-1.08,658.51,624.53
2024-06-27 00:00:00+05:30,720.0,740.95,717.45,735.55,5922164,0.0,0.0,78.08,89.35,82.62,3.26,665.17,626.96
2024-06-28 00:00:00+05:30,739.25,744.0,726.35,734.5,1977411,0.0,0.0,77.57,87.88,83.65,-0.14,671.55,629.5
2024-07-01 00:00:00+05:30,739.85,752.0,735.95,750.2,2266634,0.0,0.0,78.86,98.57,91.93,2.14,678.41,632.5
2024-07-02 00:00:00+05:30,750.4,750.8,727.4,730.5,2628190,0.0,0.0,71.0,81.6,89.35,-2.63,682.0,634.58
2024-07-03 00:00:00+05:30,734.0,739.6,720.0,733.15,1748858,0.0,0.0,69.68,81.66,87.28,0.36,690.99,636.75
2024-07-04 00:00:00+05:30,732.7,736.8,722.1,725.05,1864598,0.0,0.0,65.66,71.62,78.29,-1.1,696.81,639.06
2024-07-05 00:00:00+05:30,726.95,749.0,716.4,736.6,2439370,0.0,0.0,63.46,77.39,76.89,1.59,702.39,641.51
2024-07-08 00:00:00+05:30,742.8,746.85,732.45,742.2,904143,0.0,0.0,59.89,85.61,78.2,0.76,708.2,644.38
2024-07-09 00:00:00+05:30,742.0,744.45,719.0,723.0,1464545,0.0,0.0,56.46,46.79,69.93,-2.59,712.87,646.79
2024-07-10 00:00:00+05:30,727.0,728.8,695.85,724.4,1544967,0.0,0.0,54.73,50.85,61.08,0.19,717.19,649.3
2024-07-11 00:00:00+05:30,731.7,740.5,710.1,713.0,2727483,0.0,0.0,47.01,30.54,42.73,-1.57,720.33,651.53
2024-07-12 00:00:00+05:30,715.0,722.9,708.0,713.15,1542953,0.0,0.0,39.02,30.81,37.4,0.02,723.01,653.25
2024-07-15 00:00:00+05:30,721.35,724.0,699.4,720.45,1560037,0.0,0.0,50.13,43.81,35.05,1.02,724.86,654.93
2024-07-16 00:00:00+05:30,718.95,723.4,705.0,708.35,2140798,0.0,0.0,48.58,22.26,32.29,-1.68,724.94,656.3
2024-07-18 00:00:00+05:30,710.0,717.25,696.3,712.75,2792221,0.0,0.0,40.52,30.1,32.06,0.62,725.65,658.24
2024-07-19 00:00:00+05:30,712.9,717.75,685.55,705.0,2884304,0.0,0.0,38.39,29.27,27.21,-1.09,725.55,660.7
2024-07-22 00:00:00+05:30,717.0,726.0,702.55,709.8,3969726,0.0,0.0,32.6,37.16,32.18,0.68,724.86,663.79
2024-07-23 00:00:00+05:30,717.8,731.95,682.0,697.1,4066282,0.0,0.0,34.69,22.54,29.66,-1.79,722.36,667.14
2024-07-24 00:00:00+05:30,699.0,703.9,680.1,682.35,1984059,0.0,0.0,29.04,3.27,20.99,-2.12,720.47,669.42
2024-07-25 00:00:00+05:30,682.35,689.45,666.0,668.15,3964959,0.0,0.0,27.65,2.59,9.46,-2.08,718.26,671.34
2024-07-26 00:00:00+05:30,670.0,705.8,670.0,693.55,3724008,0.0,0.0,34.75,34.08,13.31,3.8,716.16,673.25
2024-07-29 00:00:00+05:30,698.05,702.7,680.7,692.25,3882488,0.0,0.0,31.75,33.46,23.38,-0.19,714.05,675.18
2024-07-30 00:00:00+05:30,692.0,728.5,691.05,715.25,5078790,0.0,0.0,47.24,66.11,44.55,3.32,712.3,677.64
2024-07-31 00:00:00+05:30,722.0,729.9,716.8,728.0,2972729,0.0,0.0,51.18,83.22,60.93,1.78,712.18,680.36
2024-08-01 00:00:00+05:30,728.5,748.0,722.55,727.65,4012480,0.0,0.0,55.2,75.18,74.84,-0.05,711.9,682.87
2024-08-02 00:00:00+05:30,735.0,735.15,711.0,722.05,1620560,0.0,0.0,53.04,68.35,75.59,-0.77,711.75,685.16
2024-08-05 00:00:00+05:30,691.0,704.55,676.0,684.45,2592232,0.0,0.0,39.81,22.5,55.35,-5.21,709.15,686.54
2024-08-06 00:00:00+05:30,689.95,704.0,680.0,683.4,2635441,0.0,0.0,42.47,21.22,37.36,-0.15,706.21,688.24
2024-08-07 00:00:00+05:30,695.5,698.2,677.55,690.0,2419831,0.0,0.0,43.22,29.27,24.33,0.97,704.56,689.66
2024-08-08 00:00:00+05:30,690.0,718.0,682.3,699.45,2822564,0.0,0.0,48.36,40.79,30.43,1.37,703.31,691.43
2024-08-09 00:00:00+05:30,706.0,715.5,699.15,703.0,1777449,0.0,0.0,47.98,45.12,38.39,0.51,702.81,693.44
2024-08-12 00:00:00+05:30,702.0,702.0,682.1,689.1,2143235,0.0,0.0,47.64,28.17,38.03,-1.98,701.6,695.09
2024-08-13 00:00:00+05:30,690.9,692.2,670.0,672.55,1768877,0.0,0.0,47.14,7.99,27.09,-2.4,699.21,696.28
2024-08-14 00:00:00+05:30,679.15,679.3,642.05,645.95,2440039,0.0,0.0,43.96,3.68,13.28,-3.96,696.09,696.02
2024-08-16 00:00:00+05:30,660.1,667.3,649.3,665.05,1244705,0.0,0.0,41.97,21.71,11.13,2.96,693.7,698.26
2024-08-19 00:00:00+05:30,665.1,674.25,664.0,668.55,1292127,0.0,0.0,43.4,25.01,16.8,0.53,691.88,699.46
2024-08-20 00:00:00+05:30,671.35,714.8,667.9,709.9,3749595,0.0,0.0,48.65,64.04,36.92,6.19,691.89,701.15
2024-08-21 00:00:00+05:30,708.5,721.6,703.25,719.9,1985541,0.0,0.0,47.93,73.48,54.18,1.41,693.03,703.03
2024-08-22 00:00:00+05:30,719.5,719.8,702.45,710.7,1142599,0.0,0.0,45.85,73.74,70.42,-1.28,694.45,704.65
2024-08-23 00:00:00+05:30,725.0,725.0,702.0,703.85,1374459,0.0,0.0,45.57,74.5,73.91,-0.96,696.23,705.97
2024-08-26 00:00:00+05:30,712.6,720.8,701.95,715.55,1630347,0.0,0.0,58.67,88.61,78.95,1.66,697.33,707.28
2024-08-27 00:00:00+05:30,718.9,737.5,716.15,733.1,2632192,0.0,0.0,62.69,95.39,86.17,2.45,699.37,708.75
2024-08-28 00:00:00+05:30,734.0,740.0,723.3,736.6,1830363,0.0,0.0,62.09,96.53,93.51,0.48,700.44,709.81
2024-08-29 00:00:00+05:30,740.0,751.35,715.0,720.05,2918379,0.0,0.0,55.15,71.36,87.76,-2.25,700.04,710.08
2024-08-30 00:00:00+05:30,723.7,727.6,707.0,711.15,2488658,0.0,0.0,51.99,63.22,77.04,-1.24,699.22,710.33
2024-09-02 00:00:00+05:30,715.5,727.0,703.0,705.8,1645640,0.0,0.0,54.25,58.33,64.3,-0.75,698.4,710.3
2024-09-03 00:00:00+05:30,707.0,709.05,690.75,692.7,1737165,0.0,0.0,55.21,46.34,55.96,-1.86,698.82,709.69
2024-09-04 00:00:00+05:30,684.9,701.5,676.25,698.5,2969254,0.0,0.0,65.24,48.21,50.96,0.84,699.57,708.71
2024-09-05 00:00:00+05:30,699.0,724.0,692.15,714.45,3952565,0.0,0.0,64.59,57.76,50.77,2.28,700.79,708.6
2024-09-06 00:00:00+05:30,713.75,719.35,699.0,709.55,1779893,0.0,0.0,62.01,49.91,51.96,-0.69,701.3,708.55
2024-09-09 00:00:00+05:30,708.25,746.35,705.1,730.75,6468992,0.0,0.0,56.92,72.57,60.08,2.99,702.69,708.45
2024-09-10 00:00:00+05:30,738.0,749.0,733.2,744.2,2736107,0.0,0.0,57.89,90.48,70.99,1.84,705.44,708.64
2024-09-11 00:00:00+05:30,746.9,764.8,734.15,741.8,4340246,0.0,0.0,60.56,74.03,79.03,-0.32,708.9,708.48
2024-09-12 00:00:00+05:30,750.0,763.7,742.2,760.1,2804171,0.0,0.0,67.73,94.69,86.4,2.47,714.61,709.07
2024-09-13 00:00:00+05:30,761.2,775.6,757.35,768.25,2841640,0.0,0.0,66.99,92.6,87.11,1.07,719.77,709.77
2024-09-16 00:00:00+05:30,776.0,780.3,756.0,771.6,2569640,0.0,0.0,63.66,91.64,92.98,0.44,724.92,710.7
2024-09-17 00:00:00+05:30,771.6,777.8,745.1,748.55,4098556,0.0,0.0,53.72,69.49,84.58,-2.99,726.86,710.94
2024-09-18 00:00:00+05:30,749.9,758.65,741.0,750.75,2056555,0.0,0.0,60.51,71.6,77.57,0.29,728.4,711.11
2024-09-19 00:00:00+05:30,754.0,764.9,731.0,742.85,1632199,0.0,0.0,60.92,64.01,68.36,-1.05,730.01,711.51
2024-09-20 00:00:00+05:30,745.45,789.5,745.45,782.35,6369882,0.0,0.0,71.35,93.69,76.43,5.32,733.93,712.67
2024-09-23 00:00:00+05:30,785.35,795.0,774.85,792.05,2682083,0.0,0.0,78.25,97.52,85.07,1.24,737.76,714.25
2024-09-24 00:00:00+05:30,793.0,804.9,784.6,789.3,2827447,0.0,0.0,76.27,86.16,92.46,-0.35,740.57,715.77
2024-09-25 00:00:00+05:30,790.0,793.7,776.2,783.9,1029003,0.0,0.0,71.4,80.17,87.95,-0.68,742.93,717.04
2024-09-26 00:00:00+05:30,781.5,789.45,765.4,776.4,1927234,0.0,0.0,70.28,71.44,79.26,-0.96,745.75,718.4
2024-09-27 00:00:00+05:30,776.0,779.45,730.0,740.3,9221236,0.0,0.0,52.66,13.75,55.12,-4.65,747.21,718.95
2024-09-30 00:00:00+05:30,735.0,736.6,721.05,733.05,2831175,0.0,0.0,46.79,14.31,33.17,-0.98,748.57,719.51
2024-10-01 00:00:00+05:30,733.05,736.5,712.1,723.45,2363253,0.0,0.0,44.92,12.23,13.43,-1.31,750.11,719.79
2024-10-03 00:00:00+05:30,713.05,718.8,706.1,708.6,2132369,0.0,0.0,35.48,2.53,9.69,-2.05,750.61,720.02
2024-10-04 00:00:00+05:30,708.65,716.15,691.25,699.5,1876259,0.0,0.0,30.72,7.26,7.34,-1.28,749.86,720.36
2024-10-07 00:00:00+05:30,700.0,704.8,662.2,674.2,3050665,0.0,0.0,25.67,8.41,6.07,-3.62,748.1,720.48
2024-10-08 00:00:00+05:30,685.0,726.7,668.0,722.55,3918488,0.0,0.0,44.24,42.29,19.32,7.17,747.69,721.06
2024-10-09 00:00:00+05:30,722.55,735.9,713.0,730.1,2063258,0.0,0.0,45.53,47.58,32.76,1.04,746.98,721.82
2024-10-10 00:00:00+05:30,730.1,741.45,722.65,728.85,1171351,0.0,0.0,46.88,46.71,45.53,-0.17,746.33,722.09
2024-10-11 00:00:00+05:30,728.05,728.05,705.0,706.7,1686125,0.0,0.0,31.71,31.18,41.82,-3.04,743.66,721.66
2024-10-14 00:00:00+05:30,715.5,718.4,700.0,703.2,1716685,0.0,0.0,27.86,28.73,35.54,-0.5,740.41,721.17
2024-10-15 00:00:00+05:30,705.0,708.55,690.0,692.15,1283068,0.0,0.0,26.75,22.78,27.56,-1.57,736.44,720.58
2024-10-16 00:00:00+05:30,697.0,698.7,686.7,689.3,1161073,0.0,0.0,27.08,21.3,24.27,-0.41,733.48,720.67
2024-10-17 00:00:00+05:30,695.25,703.5,675.0,676.55,1324100,0.0,0.0,26.41,12.24,18.77,-1.85,729.77,720.54
2024-10-18 00:00:00+05:30,680.0,681.95,666.1,676.85,2358804,0.0,0.0,31.96,18.49,17.34,0.04,726.47,720.27
2024-10-21 00:00:00+05:30,684.0,697.2,675.0,684.55,1609539,0.0,0.0,36.25,28.2,19.64,1.14,721.58,719.97
2024-10-22 00:00:00+05:30,688.05,689.05,666.1,670.25,1265025,0.0,0.0,35.3,10.16,18.95,-2.09,715.49,719.32
2024-10-23 00:00:00+05:30,665.05,692.0,649.05,687.75,4378251,0.0,0.0,44.32,41.88,26.75,2.61,710.41,719.29
2024-10-24 00:00:00+05:30,691.5,693.0,668.6,671.0,1271312,0.0,0.0,42.55,23.76,25.27,-2.44,704.76,719.26
2024-10-25 00:00:00+05:30,665.0,674.3,641.65,668.9,2918783,0.0,0.0,48.42,27.3,30.98,-0.31,699.39,719.72
2024-10-28 00:00:00+05:30,672.15,674.0,635.55,642.9,1521902,0.0,0.0,22.68,6.94,19.33,-3.89,694.52,719.28
2024-10-29 00:00:00+05:30,644.0,694.1,637.8,683.3,5537844,0.0,0.0,36.9,45.09,26.44,6.28,692.03,719.57
2024-10-30 00:00:00+05:30,683.3,684.6,668.1,674.35,1295866,0.0,0.0,35.37,41.95,31.33,-1.31,689.58,718.86
2024-10-31 00:00:00+05:30,674.35,688.75,671.5,679.15,1159460,0.0,0.0,41.85,52.63,46.55,0.71,688.1,718.05
2024-11-01 00:00:00+05:30,685.95,688.5,679.05,682.65,211642,0.0,0.0,43.92,64.52,53.03,0.52,687.26,717.49
2024-11-04 00:00:00+05:30,683.0,691.55,660.0,663.15,1278278,0.0,0.0,41.83,40.62,52.59,-2.86,686.71,716.67
2024-11-05 00:00:00+05:30,664.0,666.95,652.1,654.8,1255375,0.0,0.0,40.57,28.33,44.49,-1.26,683.32,715.46
2024-11-06 00:00:00+05:30,660.95,686.0,660.0,682.6,2382791,0.0,0.0,51.53,76.32,48.42,4.25,680.95,714.45
2024-11-07 00:00:00+05:30,691.0,721.85,687.15,714.8,5700061,0.0,0.0,58.26,91.83,65.49,4.72,680.25,714.01
2024-11-08 00:00:00+05:30,721.0,721.6,709.0,712.05,2004021,0.0,0.0,56.11,88.64,85.6,-0.38,680.51,713.85
2024-11-11 00:00:00+05:30,709.85,751.6,706.15,739.25,5360345,0.0,0.0,64.51,89.36,89.94,3.82,682.31,714.41
2024-11-12 00:00:00+05:30,739.95,776.9,739.3,750.05,5503743,0.0,0.0,63.48,81.0,86.34,1.46,685.21,715.3
2024-11-13 00:00:00+05:30,749.95,774.9,722.1,728.95,5348473,0.0,0.0,62.31,66.08,78.81,-2.81,687.19,716.02
2024-11-14 00:00:00+05:30,734.9,748.95,718.75,732.0,2339209,0.0,0.0,63.35,68.23,71.77,0.42,689.96,716.69
2024-11-18 00:00:00+05:30,736.0,746.25,707.5,712.8,2123986,0.0,0.0,65.22,53.92,62.74,-2.62,691.76,716.66
2024-11-19 00:00:00+05:30,718.0,718.7,706.0,709.9,1355756,0.0,0.0,56.92,46.31,56.16,-0.41,693.03,716.67
2024-11-21 00:00:00+05:30,704.0,709.0,683.0,699.15,1946451,0.0,0.0,56.4,37.7,45.98,-1.51,694.48,716.03
2024-11-22 00:00:00+05:30,700.95,703.8,682.1,688.9,1439252,0.0,0.0,52.45,29.49,37.83,-1.47,694.53,714.93
2024-11-25 00:00:00+05:30,705.0,711.5,665.8,675.05,13593681,0.0,0.0,48.19,18.39,28.53,-2.01,694.74,713.59
2024-11-26 00:00:00+05:30,670.95,676.45,651.0,657.4,1918499,0.0,0.0,48.62,5.08,17.65,-2.61,694.16,711.54
2024-11-27 00:00:00+05:30,659.8,676.2,653.35,673.3,2014123,0.0,0.0,54.29,17.71,13.73,2.42,695.68,709.64
2024-11-28 00:00:00+05:30,676.5,679.35,660.25,662.8,1415045,0.0,0.0,45.0,9.37,10.72,-1.56,694.66,707.46
2024-11-29 00:00:00+05:30,665.0,670.4,648.05,654.65,2099488,0.0,0.0,32.72,5.12,10.74,-1.23,693.67,705.59
2024-12-02 00:00:00+05:30,655.0,660.2,642.5,645.65,1824349,0.0,0.0,31.59,2.34,5.61,-1.37,692.0,703.48
2024-12-03 00:00:00+05:30,653.2,657.9,642.1,642.95,1804001,0.0,0.0,19.09,0.63,2.7,-0.42,690.01,701.49
2024-12-04 00:00:00+05:30,652.05,654.0,640.25,648.4,2887694,0.0,0.0,16.22,6.05,3.01,0.85,689.27,698.81
2024-12-05 00:00:00+05:30,651.4,667.15,646.5,664.15,4523984,0.0,0.0,27.67,21.99,9.56,2.43,689.74,696.25
2024-12-06 00:00:00+05:30,670.0,680.0,665.05,674.35,3294934,0.0,0.0,31.07,32.17,20.07,1.54,689.33,693.95
2024-12-09 00:00:00+05:30,684.9,688.0,667.5,675.2,3433293,0.0,0.0,35.96,44.55,32.9,0.13,687.35,691.78
2024-12-10 00:00:00+05:30,673.0,677.25,659.9,668.0,1923930,0.0,0.0,34.84,38.95,38.56,-1.07,685.15,689.61
2024-12-11 00:00:00+05:30,668.7,682.0,668.5,677.6,2088984,0.0,0.0,42.14,52.42,45.31,1.44,682.06,688.36
2024-12-12 00:00:00+05:30,678.5,687.3,671.25,685.25,2023609,0.0,0.0,48.64,63.16,51.51,1.13,678.82,687.4
2024-12-13 00:00:00+05:30,679.0,683.9,664.35,678.6,1909847,0.0,0.0,51.39,80.31,65.3,-0.97,676.31,686.5
2024-12-16 00:00:00+05:30,685.0,699.8,682.3,688.95,3476918,0.0,0.0,63.15,81.78,75.08,1.53,674.15,686.11
2024-12-17 00:00:00+05:30,683.1,695.15,680.3,685.15,1393661,0.0,0.0,55.49,75.4,79.16,-0.55,672.77,685.82
2024-12-18 00:00:00+05:30,694.95,700.9,673.3,682.05,3218408,0.0,0.0,59.58,68.92,75.37,-0.45,671.38,685.98
2024-12-19 00:00:00+05:30,670.95,687.0,667.9,685.0,1304358,0.0,0.0,65.93,73.78,72.7,0.43,670.67,685.23
2024-12-20 00:00:00+05:30,684.8,686.3,665.0,669.8,1314435,0.0,0.0,61.9,48.72,63.81,-2.22,669.72,684.02
2024-12-23 00:00:00+05:30,677.85,679.25,656.0,659.7,1893360,0.0,0.0,57.69,32.07,51.53,-1.51,668.95,682.64
2024-12-24 00:00:00+05:30,657.25,661.9,646.0,648.05,1920120,0.0,0.0,49.85,3.73,28.18,-1.77,668.48,681.47
2024-12-26 00:00:00+05:30,650.0,652.25,631.1,636.5,1787870,0.0,0.0,37.53,7.74,14.51,-1.78,666.64,680.13
2024-12-27 00:00:00+05:30,636.5,641.0,623.15,625.8,2088822,0.0,0.0,28.2,3.41,4.96,-1.68,664.79,678.81
2024-12-30 00:00:00+05:30,651.95,674.0,631.25,643.5,20785156,0.0,0.0,37.64,26.17,12.44,2.83,664.23,677.89
2024-12-31 00:00:00+05:30,640.0,645.15,628.0,642.65,2131573,0.0,0.0,39.6,25.08,18.22,-0.13,664.08,677.21
2025-01-01 00:00:00+05:30,643.95,656.5,641.2,644.3,3367231,0.0,0.0,35.38,27.2,26.15,0.26,664.15,676.56
2025-01-02 00:00:00+05:30,644.8,647.1,635.6,641.0,6416405,0.0,0.0,29.8,22.96,25.08,-0.51,663.78,675.69
2025-01-03 00:00:00+05:30,642.4,646.9,631.7,634.4,2341500,0.0,0.0,29.82,14.47,21.54,-1.03,662.29,674.97
2025-01-06 00:00:00+05:30,615.0,624.4,596.0,601.55,4443091,0.0,0.0,16.89,5.29,14.24,-5.18,658.65,673.25
2025-01-07 00:00:00+05:30,603.7,609.3,593.1,595.65,3408556,0.0,0.0,16.63,2.37,7.38,-0.98,654.67,671.74
2025-01-08 00:00:00+05:30,590.0,591.95,566.0,579.35,4473653,0.0,0.0,15.14,11.03,6.23,-2.74,650.24,669.95
2025-01-09 00:00:00+05:30,579.35,581.4,555.65,557.65,2418243,0.0,0.0,11.65,1.53,4.98,-3.75,644.25,668.25
2025-01-10 00:00:00+05:30,557.9,560.0,536.65,539.6,4671536,0.0,0.0,11.46,2.07,4.88,-3.24,636.96,665.37
2025-01-13 00:00:00+05:30,531.6,539.6,514.7,517.75,2130563,0.0,0.0,10.71,1.91,1.84,-4.05,628.92,662.24
2025-01-14 00:00:00+05:30,527.0,555.55,526.0,547.85,7595937,0.0,0.0,24.84,20.81,8.26,5.81,621.86,659.61
2025-01-15 00:00:00+05:30,554.0,563.5,548.05,561.5,3204143,0.0,0.0,31.36,29.38,17.37,2.49,615.68,657.19
2025-01-16 00:00:00+05:30,564.25,574.0,564.25,570.45,1375209,0.0,0.0,36.12,35.0,28.4,1.59,610.1,655.34
2025-01-17 00:00:00+05:30,565.55,578.45,563.0,568.0,1431717,0.0,0.0,29.51,37.59,33.99,-0.43,604.25,653.6
2025-01-20 00:00:00+05:30,566.0,582.0,560.35,579.25,1556431,0.0,0.0,33.71,45.52,39.37,1.98,599.72,651.53
2025-01-21 00:00:00+05:30,581.9,581.9,556.6,557.55,3125064,0.0,0.0,29.79,32.36,38.49,-3.75,594.62,648.39
2025-01-22 00:00:00+05:30,557.55,561.5,541.3,550.0,2240871,0.0,0.0,29.21,26.7,34.86,-1.35,589.71,645.15
2025-01-23 00:00:00+05:30,546.95,559.65,540.8,552.1,1716243,0.0,0.0,30.81,34.09,31.05,0.38,585.49,641.4
2025-01-24 00:00:00+05:30,555.0,564.0,538.1,544.15,2108004,0.0,0.0,34.85,31.13,30.64,-1.44,581.41,637.29
2025-01-27 00:00:00+05:30,540.0,542.3,530.0,534.35,2452402,0.0,0.0,34.15,25.44,30.22,-1.8,575.95,633.39
2025-01-28 00:00:00+05:30,531.5,534.35,502.2,504.0,4851730,0.0,0.0,31.84,2.26,19.61,-5.68,569.02,628.83
2025-01-29 00:00:00+05:30,463.7,488.35,453.6,474.75,28908664,0.0,0.0,30.72,16.47,14.72,-5.8,560.54,624.07
2025-01-30 00:00:00+05:30,476.8,496.0,474.75,483.85,9565616,0.0,0.0,36.47,23.56,14.1,1.92,552.69,619.55
2025-01-31 00:00:00+05:30,489.5,509.95,482.2,508.6,3358679,0.0,0.0,47.81,42.83,27.62,5.12,546.4,615.74
2025-02-01 00:00:00+05:30,509.45,516.55,469.0,472.0,5769497,0.0,0.0,32.4,14.33,26.91,-7.2,539.92,611.4
2025-02-03 00:00:00+05:30,474.8,475.9,439.6,445.65,12724924,0.0,0.0,24.61,4.25,20.47,-5.58,532.42,606.82
2025-02-04 00:00:00+05:30,453.95,473.0,446.0,469.7,7217597,0.0,0.0,29.29,21.14,13.24,5.4,526.94,603.06
2025-02-05 00:00:00+05:30,474.85,501.5,474.5,493.8,14443076,0.0,0.0,35.99,38.06,21.15,5.13,523.74,599.47
2025-02-06 00:00:00+05:30,494.0,500.0,488.05,494.2,3540027,0.0,0.0,33.26,38.37,32.52,0.08,521.47,596.1
2025-02-07 00:00:00+05:30,492.75,494.9,482.35,484.65,2431783,0.0,0.0,34.93,36.21,37.55,-1.93,519.82,592.7
2025-02-10 00:00:00+05:30,483.6,485.0,474.0,476.9,6658769,0.0,0.0,34.9,29.98,34.86,-1.6,516.27,589.32
2025-02-11 00:00:00+05:30,475.1,477.6,461.15,466.9,3213487,0.0,0.0,32.96,21.95,29.38,-2.1,511.54,585.8
2025-02-12 00:00:00+05:30,466.85,471.0,451.75,467.6,2782225,0.0,0.0,34.23,27.26,26.4,0.15,506.4,582.19
2025-02-13 00:00:00+05:30,468.0,480.05,465.3,467.65,1560258,0.0,0.0,35.69,29.6,26.27,0.01,501.38,578.26
2025-02-14 00:00:00+05:30,469.0,470.2,434.3,437.1,3885358,0.0,0.0,35.66,3.4,20.09,-6.53,494.27,573.51
2025-02-17 00:00:00+05:30,436.05,437.1,418.75,431.5,6897917,0.0,0.0,39.68,13.04,15.35,-1.28,487.97,568.64
2025-02-18 00:00:00+05:30,430.5,442.75,419.7,440.4,4154074,0.0,0.0,39.62,22.14,12.86,2.06,482.49,564.09
2025-02-19 00:00:00+05:30,439.0,460.0,431.45,454.85,4076129,0.0,0.0,36.5,36.91,24.03,3.28,477.63,559.63
